<?xml version="1.0" encoding="UTF-8"?>
<project-private xmlns="http://www.netbeans.org/ns/project-private/1">
    <editor-bookmarks xmlns="http://www.netbeans.org/ns/editor-bookmarks/2" lastBookmarkId="0"/>
    <open-files xmlns="http://www.netbeans.org/ns/projectui-open-files/2">
        <group>
            <file>file:/C:/Users/RC_Student_Lab/Documents/NetBeansProjects/POE%20P2/src/poe/p1/Registration.java</file>
            <file>file:/C:/Users/RC_Student_Lab/Documents/NetBeansProjects/POE%20P2/src/poe/p1/POEP1.java</file>
            <file>file:/C:/Users/RC_Student_Lab/Documents/NetBeansProjects/POE%20P2/test/poe/p1/RegistrationNGTest.java</file>
        </group>
    </open-files>
</project-private>
